{
  "mtx": [
    [
      3054.4337629476754,
      0.0,
      1476.968505294092
    ],
    [
      0.0,
      3057.697227034814,
      2029.101543655127
    ],
    [
      0.0,
      0.0,
      1.0
    ]
  ],
  "dist": [
    [
      0.25807623026982396,
      -1.545547495497789,
      0.004830692584312347,
      -0.007243472764308799,
      1.622340042711782
    ]
  ],
  "rvecs": [
    [
      [
        -0.2639165232078044
      ],
      [
        -0.3194599529852723
      ],
      [
        2.8215269355064514
      ]
    ],
    [
      [
        0.4170704931935509
      ],
      [
        0.33610501499704903
      ],
      [
        1.3652627903313543
      ]
    ],
    [
      [
        -0.4961885320708886
      ],
      [
        0.3345923776240059
      ],
      [
        1.0264367430300216
      ]
    ],
    [
      [
        -0.07915329144271856
      ],
      [
        0.07421595618405653
      ],
      [
        -1.438800127881068
      ]
    ],
    [
      [
        -0.2304260834841058
      ],
      [
        0.25400802723875243
      ],
      [
        1.5645751492101607
      ]
    ],
    [
      [
        -0.6552221652500961
      ],
      [
        -0.19763560511529124
      ],
      [
        -2.181299600169499
      ]
    ],
    [
      [
        0.5271523408562454
      ],
      [
        -0.11709746186061544
      ],
      [
        -1.1710322797443569
      ]
    ],
    [
      [
        -0.5710157544375404
      ],
      [
        -0.43300212843339625
      ],
      [
        -1.1741548497486543
      ]
    ],
    [
      [
        0.3326227818574824
      ],
      [
        -0.09712000785421392
      ],
      [
        -2.197155654909943
      ]
    ],
    [
      [
        0.010122717933570774
      ],
      [
        0.31240994028013747
      ],
      [
        -1.6535410027218882
      ]
    ],
    [
      [
        0.0824908166426871
      ],
      [
        0.012341920248319885
      ],
      [
        2.699222643082409
      ]
    ],
    [
      [
        0.05426131184772066
      ],
      [
        0.5983457171848067
      ],
      [
        -2.8231807861079248
      ]
    ],
    [
      [
        0.4669056365060759
      ],
      [
        -0.35221590360146765
      ],
      [
        1.583173968507539
      ]
    ],
    [
      [
        -0.5372360566258149
      ],
      [
        -0.7816426645289168
      ],
      [
        -2.541338636747026
      ]
    ],
    [
      [
        0.3450091008849236
      ],
      [
        -0.1025914822341888
      ],
      [
        1.3874573620373458
      ]
    ],
    [
      [
        -0.12043025722341319
      ],
      [
        -0.29764426200907274
      ],
      [
        1.5617684450547804
      ]
    ],
    [
      [
        -0.4680049957277415
      ],
      [
        0.425637960218493
      ],
      [
        -2.2446019015333882
      ]
    ],
    [
      [
        0.48917032167050756
      ],
      [
        0.12462035852685918
      ],
      [
        -1.6163055837125244
      ]
    ],
    [
      [
        0.010081689000224122
      ],
      [
        -0.8149978252648077
      ],
      [
        -1.6047869432398476
      ]
    ],
    [
      [
        0.19704961574341925
      ],
      [
        0.2760290138560147
      ],
      [
        1.5734421948978736
      ]
    ]
  ],
  "tvecs": [
    [
      [
        3.9524597949481866
      ],
      [
        1.7305297710921888
      ],
      [
        21.18592905562667
      ]
    ],
    [
      [
        1.26822207853425
      ],
      [
        -3.3906982545200863
      ],
      [
        20.308824783129317
      ]
    ],
    [
      [
        0.26269549644215606
      ],
      [
        -5.003581396061971
      ],
      [
        21.789492871170605
      ]
    ],
    [
      [
        -3.6106730726165375
      ],
      [
        3.62369463064592
      ],
      [
        21.905102406663534
      ]
    ],
    [
      [
        3.327465657366926
      ],
      [
        -3.247194540348261
      ],
      [
        17.86805213826621
      ]
    ],
    [
      [
        -1.291930017061744
      ],
      [
        3.3308112896515367
      ],
      [
        13.389582422738822
      ]
    ],
    [
      [
        -5.075590007141589
      ],
      [
        2.3304813667269544
      ],
      [
        17.247322282579425
      ]
    ],
    [
      [
        -3.1401904491869606
      ],
      [
        3.290689196449014
      ],
      [
        14.098539405341157
      ]
    ],
    [
      [
        -0.10351600410141232
      ],
      [
        4.4108795040125575
      ],
      [
        17.664342843292694
      ]
    ],
    [
      [
        -3.4884972250717348
      ],
      [
        4.670763472022702
      ],
      [
        19.11003695994775
      ]
    ],
    [
      [
        4.978672222629185
      ],
      [
        1.2064735899632344
      ],
      [
        14.180620794929673
      ]
    ],
    [
      [
        3.105061743081537
      ],
      [
        2.507668439525182
      ],
      [
        25.206216053906545
      ]
    ],
    [
      [
        2.807171731325389
      ],
      [
        -3.4221773433146363
      ],
      [
        11.010543633481628
      ]
    ],
    [
      [
        4.480849040756497
      ],
      [
        -0.0351868513928801
      ],
      [
        13.338502394521177
      ]
    ],
    [
      [
        2.547754094544439
      ],
      [
        -2.4530431152129815
      ],
      [
        18.090323297549844
      ]
    ],
    [
      [
        4.95828121978187
      ],
      [
        -4.320746506037791
      ],
      [
        19.59906291327097
      ]
    ],
    [
      [
        -0.6045632445033445
      ],
      [
        6.07062709403756
      ],
      [
        15.360091300217201
      ]
    ],
    [
      [
        -0.5850074447580886
      ],
      [
        4.416690410023743
      ],
      [
        19.623711336505366
      ]
    ],
    [
      [
        -1.832434047847018
      ],
      [
        3.8799557334380324
      ],
      [
        10.720397169633223
      ]
    ],
    [
      [
        2.6870107355239115
      ],
      [
        -3.764580981940222
      ],
      [
        10.76216336292119
      ]
    ]
  ],
  "ret": 2.72174158845833
}