{
  "Lambda": [
    [
      3962.0024498662524,
      0.0,
      1840.941728000215
    ],
    [
      0.0,
      5372.056871864874,
      1243.8920446171746
    ],
    [
      0.0,
      0.0,
      1.0
    ]
  ],
  "Distortion": [
    [
      0.2763035851451821,
      -5.388512998120121,
      0.005103516518598036,
      0.015883758842178502,
      21.56707526156823
    ]
  ],
  "Omega": [
    [
      -0.8859715863909339,
      0.4502235437560812,
      0.11114453992728537
    ],
    [
      -0.12643999527216765,
      -0.4651120174769926,
      0.8761756323900225
    ],
    [
      0.4461695593644933,
      0.7622135998827346,
      0.4690022947175161
    ]
  ],
  "Rvecs": [
    [
      -0.47103131842371804
    ],
    [
      -1.3847355398856036
    ],
    [
      -2.3834831750477337
    ]
  ],
  "Tau": [
    [
      2.9016128166202964
    ],
    [
      2.5030455281748987
    ],
    [
      17.463334467254374
    ]
  ]
}