{
  "mtx": [
    [
      3054.425884180332,
      0.0,
      1476.9683128400825
    ],
    [
      0.0,
      3057.689131643418,
      2029.1017628408538
    ],
    [
      0.0,
      0.0,
      1.0
    ]
  ],
  "dist": [
    [
      0.25808609902400365,
      -1.5456336302715223,
      0.004830536162880469,
      -0.00724358295373559,
      1.6226028506225252
    ]
  ],
  "rvecs": [
    [
      [
        -0.2639157861049173
      ],
      [
        -0.31945961495736713
      ],
      [
        2.821526909019614
      ]
    ],
    [
      [
        0.4170703935255576
      ],
      [
        0.33610663707111765
      ],
      [
        1.3652625209531812
      ]
    ],
    [
      [
        -0.4961891242563328
      ],
      [
        0.3345937256664096
      ],
      [
        1.0264363188663896
      ]
    ],
    [
      [
        -0.07915106205195864
      ],
      [
        0.07421523920489577
      ],
      [
        -1.438800014525988
      ]
    ],
    [
      [
        -0.23042629139577897
      ],
      [
        0.2540079997030409
      ],
      [
        1.5645749211769624
      ]
    ],
    [
      [
        -0.6552219087985941
      ],
      [
        -0.1976354357166367
      ],
      [
        -2.181299726872269
      ]
    ],
    [
      [
        0.527153148807607
      ],
      [
        -0.11709808606445274
      ],
      [
        -1.1710325640581953
      ]
    ],
    [
      [
        -0.5710159723599738
      ],
      [
        -0.4330021350849134
      ],
      [
        -1.1741552488752542
      ]
    ],
    [
      [
        0.3326215830522803
      ],
      [
        -0.09712528903523232
      ],
      [
        -2.1971556089355806
      ]
    ],
    [
      [
        0.010122326212674311
      ],
      [
        0.3124067566647996
      ],
      [
        -1.653541376214844
      ]
    ],
    [
      [
        0.08248982920350127
      ],
      [
        0.012339247310334929
      ],
      [
        2.699222373303209
      ]
    ],
    [
      [
        0.054258688985766634
      ],
      [
        0.5983440360474422
      ],
      [
        -2.8231809814339117
      ]
    ],
    [
      [
        0.46690610933800697
      ],
      [
        -0.35221614445784255
      ],
      [
        1.5831739423066984
      ]
    ],
    [
      [
        -0.537236697279448
      ],
      [
        -0.7816413174247653
      ],
      [
        -2.541338160265221
      ]
    ],
    [
      [
        0.3450086867527866
      ],
      [
        -0.10259200809798683
      ],
      [
        1.387456977159271
      ]
    ],
    [
      [
        -0.12043160522804658
      ],
      [
        -0.2976446409741435
      ],
      [
        1.5617680065720319
      ]
    ],
    [
      [
        -0.46800543181993515
      ],
      [
        0.4256363490346764
      ],
      [
        -2.2446023767970336
      ]
    ],
    [
      [
        0.489168553586867
      ],
      [
        0.1246220587641066
      ],
      [
        -1.6163056688496675
      ]
    ],
    [
      [
        0.010082664180852444
      ],
      [
        -0.8149980747932113
      ],
      [
        -1.6047871516003225
      ]
    ],
    [
      [
        0.19704967124116665
      ],
      [
        0.2760289831917738
      ],
      [
        1.5734421342763605
      ]
    ]
  ],
  "tvecs": [
    [
      [
        3.9524634857312444
      ],
      [
        1.7305293087993197
      ],
      [
        21.185875700267733
      ]
    ],
    [
      [
        1.268223600074118
      ],
      [
        -3.390702144978475
      ],
      [
        20.308777224999915
      ]
    ],
    [
      [
        0.26269739801318404
      ],
      [
        -5.003579436784058
      ],
      [
        21.789446006159768
      ]
    ],
    [
      [
        -3.6106712737178093
      ],
      [
        3.6236936505527617
      ],
      [
        21.905049934427485
      ]
    ],
    [
      [
        3.327465955004025
      ],
      [
        -3.247196739652731
      ],
      [
        17.868016575900448
      ]
    ],
    [
      [
        -1.2919295374312745
      ],
      [
        3.330810764896646
      ],
      [
        13.389545566920612
      ]
    ],
    [
      [
        -5.075586350063717
      ],
      [
        2.3304823697197983
      ],
      [
        17.247274450604024
      ]
    ],
    [
      [
        -3.1401886084471315
      ],
      [
        3.2906893016333183
      ],
      [
        14.098505531501269
      ]
    ],
    [
      [
        -0.1035127815808163
      ],
      [
        4.4108799976536375
      ],
      [
        17.66429026318281
      ]
    ],
    [
      [
        -3.4884997061437426
      ],
      [
        4.670765118299546
      ],
      [
        19.110004018045025
      ]
    ],
    [
      [
        4.978673727124713
      ],
      [
        1.2064698435678094
      ],
      [
        14.180593416297105
      ]
    ],
    [
      [
        3.1050640746597997
      ],
      [
        2.5076693830486345
      ],
      [
        25.206156475335003
      ]
    ],
    [
      [
        2.8071732172571675
      ],
      [
        -3.4221749467160696
      ],
      [
        11.010507662692616
      ]
    ],
    [
      [
        4.480846089113299
      ],
      [
        -0.03518569212949863
      ],
      [
        13.338468833303995
      ]
    ],
    [
      [
        2.5477537951983495
      ],
      [
        -2.453044019277595
      ],
      [
        18.090281382978926
      ]
    ],
    [
      [
        4.958279948360519
      ],
      [
        -4.320747970562202
      ],
      [
        19.599024172622084
      ]
    ],
    [
      [
        -0.6045617376433562
      ],
      [
        6.070627337479357
      ],
      [
        15.360050326103345
      ]
    ],
    [
      [
        -0.585006025769765
      ],
      [
        4.416688680556304
      ],
      [
        19.623686370147556
      ]
    ],
    [
      [
        -1.8324304353750978
      ],
      [
        3.8799562200853672
      ],
      [
        10.720364735201846
      ]
    ],
    [
      [
        2.687010660309604
      ],
      [
        -3.764580932733295
      ],
      [
        10.762135964543942
      ]
    ]
  ],
  "ret": 2.7217247272218508
}